algorithm,fixed_spatial_folds,fixed_block_size_m,search_runtime_minutes,mean_fit_time,std_fit_time,mean_score_time,std_score_time,param_bootstrap,param_max_depth,param_max_features,param_min_samples_leaf,param_n_estimators,params,split0_test_R2,split1_test_R2,split2_test_R2,split3_test_R2,split4_test_R2,split5_test_R2,split6_test_R2,split7_test_R2,split8_test_R2,split9_test_R2,mean_test_R2,std_test_R2,rank_test_R2,split0_test_RMSE,split1_test_RMSE,split2_test_RMSE,split3_test_RMSE,split4_test_RMSE,split5_test_RMSE,split6_test_RMSE,split7_test_RMSE,split8_test_RMSE,split9_test_RMSE,mean_test_RMSE,std_test_RMSE,rank_test_RMSE,split0_test_MAE,split1_test_MAE,split2_test_MAE,split3_test_MAE,split4_test_MAE,split5_test_MAE,split6_test_MAE,split7_test_MAE,split8_test_MAE,split9_test_MAE,mean_test_MAE,std_test_MAE,rank_test_MAE,mean_CV_RMSE,std_CV_RMSE,mean_CV_MAE,std_CV_MAE,mean_CV_R2,std_CV_R2
RF,10,20000,61.316133026281996,2.202386999130249,0.5448373562503565,0.25279271602630615,0.012618271158350437,True,,sqrt,5,1000,"{'bootstrap': True, 'max_depth': None, 'max_features': 'sqrt', 'min_samples_leaf': 5, 'n_estimators': 1000}",0.012941632158876337,0.30111312152361625,0.14188766084841853,0.5475118370693861,0.11901291797612756,0.34545318098596134,0.37700200889205693,0.4403869906814021,0.5519968690387003,0.3266214985324968,0.3163927717707042,0.17048442610455472,3,-27.600677008389027,-18.144887248117413,-19.454686531523024,-15.144191161845804,-17.868872212145966,-16.42753609217999,-20.60573325873359,-15.192684429103753,-13.830407130622667,-26.137102510637668,-19.04067775832989,4.386277375243439,1,-17.092082449127947,-13.948459461312273,-12.946380702586683,-11.293652574066806,-13.332669153522675,-11.795853007424084,-13.74780619520879,-11.49722771699138,-9.466508945864152,-18.501205625622834,-13.362184583172763,2.576323615445592,13,19.04067775832989,4.386277375243439,13.362184583172763,2.576323615445592,0.3163927717707042,0.17048442610455472
RF,10,20000,61.316133026281996,2.2250550985336304,0.5442852197613843,0.2553314924240112,0.014068209585085265,True,20,sqrt,5,1000,"{'bootstrap': True, 'max_depth': 20, 'max_features': 'sqrt', 'min_samples_leaf': 5, 'n_estimators': 1000}",0.012941632158876337,0.30111312152361625,0.14188766084841842,0.5475118370693863,0.11901291797612756,0.34545318098596134,0.37700200889205693,0.4403869906814021,0.5519968690387003,0.3266214985324968,0.3163927717707043,0.17048442610455478,1,-27.600677008389027,-18.144887248117413,-19.454686531523024,-15.144191161845804,-17.868872212145966,-16.42753609217999,-20.60573325873359,-15.192684429103753,-13.830407130622667,-26.137102510637668,-19.04067775832989,4.386277375243439,1,-17.092082449127954,-13.948459461312273,-12.946380702586683,-11.293652574066805,-13.332669153522675,-11.795853007424082,-13.74780619520879,-11.49722771699138,-9.466508945864152,-18.501205625622834,-13.362184583172763,2.5763236154455935,13,19.04067775832989,4.386277375243439,13.362184583172763,2.5763236154455935,0.3163927717707043,0.17048442610455478
RF,10,20000,61.316133026281996,2.1476035594940184,0.4385822770203161,0.25350949764251707,0.014467064032112004,True,40,sqrt,5,1000,"{'bootstrap': True, 'max_depth': 40, 'max_features': 'sqrt', 'min_samples_leaf': 5, 'n_estimators': 1000}",0.012941632158876337,0.30111312152361625,0.14188766084841853,0.5475118370693863,0.11901291797612756,0.34545318098596134,0.37700200889205693,0.4403869906814021,0.5519968690387003,0.32662149853249667,0.31639277177070424,0.17048442610455478,2,-27.600677008389027,-18.144887248117413,-19.454686531523024,-15.144191161845804,-17.868872212145966,-16.42753609217999,-20.60573325873359,-15.192684429103753,-13.830407130622667,-26.13710251063767,-19.04067775832989,4.386277375243439,1,-17.092082449127954,-13.948459461312273,-12.946380702586683,-11.293652574066805,-13.332669153522675,-11.795853007424082,-13.74780619520879,-11.49722771699138,-9.466508945864152,-18.501205625622834,-13.362184583172763,2.5763236154455935,13,19.04067775832989,4.386277375243439,13.362184583172763,2.5763236154455935,0.31639277177070424,0.17048442610455478
RF,10,20000,61.316133026281996,4.339540028572083,0.6547416485415487,0.49211437702178956,0.025377354674183228,True,,sqrt,5,2000,"{'bootstrap': True, 'max_depth': None, 'max_features': 'sqrt', 'min_samples_leaf': 5, 'n_estimators': 2000}",0.010976153689693624,0.2998927712052566,0.14216786027212147,0.5504424716236358,0.11952004283057605,0.3437994667338602,0.3797735112038295,0.43808290625177904,0.5471399874448568,0.32210405031649136,0.31538992215721007,0.17037828114739717,4,-27.628143245157077,-18.16072204329452,-19.451510002779163,-15.095069229274445,-17.863728519440578,-16.44827510762454,-20.55984828461721,-15.223928583049913,-13.90517398799688,-26.224628056264187,-19.056102705949847,4.395644108466432,4,-17.155619303014575,-13.983978341092575,-12.999724705790658,-11.229257022724106,-13.347684065789618,-11.856959717314577,-13.786034413190231,-11.51796328485039,-9.513673978133463,-18.56205323749317,-13.395294806939336,2.5911956633844095,22,19.056102705949847,4.395644108466432,13.395294806939336,2.5911956633844095,0.31538992215721007,0.17037828114739717
RF,10,20000,61.316133026281996,4.393522071838379,0.6003802395189014,0.4842939853668213,0.025214737414976606,True,20,sqrt,5,2000,"{'bootstrap': True, 'max_depth': 20, 'max_features': 'sqrt', 'min_samples_leaf': 5, 'n_estimators': 2000}",0.010976153689693624,0.2998927712052566,0.14216786027212125,0.5504424716236358,0.11952004283057616,0.3437994667338602,0.3797735112038295,0.43808290625177904,0.5471399874448568,0.32210405031649136,0.31538992215721007,0.17037828114739717,4,-27.628143245157077,-18.16072204329452,-19.451510002779166,-15.095069229274447,-17.863728519440574,-16.44827510762454,-20.55984828461721,-15.223928583049913,-13.905173987996882,-26.224628056264187,-19.056102705949847,4.395644108466432,4,-17.15561930301457,-13.983978341092575,-12.999724705790658,-11.229257022724106,-13.347684065789617,-11.856959717314576,-13.786034413190231,-11.51796328485039,-9.513673978133463,-18.56205323749317,-13.395294806939336,2.591195663384409,22,19.056102705949847,4.395644108466432,13.395294806939336,2.591195663384409,0.31538992215721007,0.17037828114739717
RF,10,20000,61.316133026281996,4.542587423324585,0.9932193078941958,0.49813578128814695,0.01505123339001802,True,40,sqrt,5,2000,"{'bootstrap': True, 'max_depth': 40, 'max_features': 'sqrt', 'min_samples_leaf': 5, 'n_estimators': 2000}",0.010976153689693624,0.2998927712052566,0.14216786027212147,0.5504424716236358,0.11952004283057616,0.3437994667338602,0.3797735112038295,0.43808290625177904,0.5471399874448568,0.3221040503164915,0.31538992215721007,0.17037828114739714,4,-27.628143245157077,-18.16072204329452,-19.451510002779163,-15.095069229274447,-17.863728519440574,-16.44827510762454,-20.55984828461721,-15.223928583049913,-13.90517398799688,-26.224628056264184,-19.056102705949847,4.395644108466431,4,-17.155619303014575,-13.983978341092575,-12.999724705790655,-11.229257022724106,-13.347684065789617,-11.856959717314576,-13.786034413190231,-11.51796328485039,-9.513673978133463,-18.56205323749317,-13.395294806939336,2.5911956633844095,22,19.056102705949847,4.395644108466431,13.395294806939336,2.5911956633844095,0.31538992215721007,0.17037828114739714
RF,10,20000,61.316133026281996,2.7387348890304564,0.7140366092508618,0.25437655448913576,0.01501648595443143,True,,0.5,5,1000,"{'bootstrap': True, 'max_depth': None, 'max_features': 0.5, 'min_samples_leaf': 5, 'n_estimators': 1000}",0.012602051977505635,0.2706206593211353,0.13691060043915437,0.5960246327666427,0.05653679879060591,0.3335302184830493,0.39728402003640495,0.44869479072918494,0.5493773373253479,0.3139205866534178,0.31155016965224486,0.18727283940641096,14,-27.605424365396953,-18.536492486201848,-19.511023651834574,-14.309350246182195,-18.49161554972116,-16.576479585934297,-20.267543020956012,-15.079490367047626,-13.870782278332522,-26.38244319793487,-19.063064474954203,4.476718058749685,7,-17.37168196432963,-13.954591191130826,-12.879013698729139,-10.708455579860157,-13.767478035869162,-11.76936950599744,-13.425517183540077,-11.489889960597257,-9.563896867836068,-18.50732711285596,-13.343722110074571,2.6610080792854833,1,19.063064474954203,4.476718058749685,13.343722110074571,2.6610080792854833,0.31155016965224486,0.18727283940641096
RF,10,20000,61.316133026281996,2.719640874862671,0.5595654742198299,0.2521271944046021,0.014167118588598118,True,20,0.5,5,1000,"{'bootstrap': True, 'max_depth': 20, 'max_features': 0.5, 'min_samples_leaf': 5, 'n_estimators': 1000}",0.012602051977505635,0.2706206593211353,0.13691060043915437,0.5960246327666427,0.056536798790606024,0.3335302184830493,0.39728402003640495,0.44869479072918494,0.5493773373253479,0.3139205866534178,0.31155016965224486,0.18727283940641096,14,-27.605424365396953,-18.536492486201848,-19.511023651834574,-14.309350246182195,-18.49161554972116,-16.576479585934297,-20.267543020956012,-15.079490367047626,-13.870782278332522,-26.38244319793487,-19.063064474954203,4.476718058749685,7,-17.37168196432963,-13.954591191130826,-12.879013698729139,-10.708455579860157,-13.767478035869159,-11.76936950599744,-13.425517183540077,-11.489889960597257,-9.563896867836066,-18.50732711285596,-13.343722110074571,2.6610080792854838,1,19.063064474954203,4.476718058749685,13.343722110074571,2.6610080792854838,0.31155016965224486,0.18727283940641096
RF,10,20000,61.316133026281996,2.772649908065796,0.6464055191067445,0.2559312343597412,0.006605606918093628,True,40,0.5,5,1000,"{'bootstrap': True, 'max_depth': 40, 'max_features': 0.5, 'min_samples_leaf': 5, 'n_estimators': 1000}",0.012602051977505524,0.2706206593211353,0.1369106004391546,0.5960246327666427,0.056536798790606024,0.3335302184830493,0.39728402003640495,0.44869479072918494,0.5493773373253481,0.3139205866534178,0.31155016965224497,0.18727283940641098,13,-27.605424365396956,-18.536492486201848,-19.511023651834574,-14.309350246182195,-18.49161554972116,-16.576479585934297,-20.267543020956012,-15.079490367047626,-13.870782278332522,-26.38244319793487,-19.063064474954203,4.476718058749686,7,-17.371681964329632,-13.954591191130826,-12.879013698729137,-10.708455579860157,-13.767478035869159,-11.769369505997442,-13.425517183540077,-11.489889960597257,-9.563896867836064,-18.50732711285596,-13.343722110074571,2.6610080792854847,1,19.063064474954203,4.476718058749686,13.343722110074571,2.6610080792854847,0.31155016965224497,0.18727283940641098
RF,10,20000,61.316133026281996,1.3893984317779542,0.3826291351565207,0.13264970779418944,0.005220626800160319,True,,0.5,5,500,"{'bootstrap': True, 'max_depth': None, 'max_features': 0.5, 'min_samples_leaf': 5, 'n_estimators': 500}",0.023801345068800606,0.274621065358826,0.14442995145310566,0.5911805017069505,0.0675689454542947,0.3416148842806803,0.38330343320212235,0.45057137700730254,0.5413814946653361,0.30798739152769916,0.31264603897251175,0.18111176343074006,12,-27.448424398756487,-18.485589307978437,-19.42584639502515,-14.394887403090086,-18.383184140360175,-16.475631650999027,-20.501258222128744,-15.053803972161223,-13.99330265821873,-26.49627493108096,-19.0658203079799,4.458989460122685,10,-17.25553977175695,-13.935325684657906,-12.846364995966907,-10.694911756699213,-13.744837749148168,-11.761959057434083,-13.603978088027858,-11.444480751738274,-9.618704917786136,-18.637149691967846,-13.354325246518334,2.667369415721488,7,19.0658203079799,4.458989460122685,13.354325246518334,2.667369415721488,0.31264603897251175,0.18111176343074006
RF,10,20000,61.316133026281996,1.3660484313964845,0.3713141729072996,0.13294739723205568,0.009885724465569023,True,20,0.5,5,500,"{'bootstrap': True, 'max_depth': 20, 'max_features': 0.5, 'min_samples_leaf': 5, 'n_estimators': 500}",0.023801345068800606,0.274621065358826,0.14442995145310578,0.5911805017069506,0.06756894545429482,0.3416148842806802,0.38330343320212235,0.45057137700730265,0.5413814946653361,0.30798739152769916,0.31264603897251186,0.18111176343074006,10,-27.448424398756487,-18.485589307978437,-19.42584639502515,-14.394887403090086,-18.383184140360175,-16.47563165099903,-20.501258222128744,-15.053803972161221,-13.99330265821873,-26.49627493108096,-19.0658203079799,4.458989460122685,10,-17.25553977175695,-13.935325684657906,-12.846364995966907,-10.694911756699213,-13.744837749148168,-11.761959057434083,-13.603978088027858,-11.444480751738274,-9.618704917786136,-18.637149691967846,-13.354325246518334,2.667369415721488,7,19.0658203079799,4.458989460122685,13.354325246518334,2.667369415721488,0.31264603897251186,0.18111176343074006
RF,10,20000,61.316133026281996,1.384198832511902,0.3944987425818048,0.13673558235168456,0.008085312971742429,True,40,0.5,5,500,"{'bootstrap': True, 'max_depth': 40, 'max_features': 0.5, 'min_samples_leaf': 5, 'n_estimators': 500}",0.023801345068800606,0.274621065358826,0.14442995145310578,0.5911805017069506,0.0675689454542947,0.3416148842806802,0.38330343320212235,0.45057137700730265,0.5413814946653361,0.30798739152769916,0.31264603897251186,0.18111176343074006,10,-27.448424398756487,-18.485589307978437,-19.42584639502515,-14.394887403090086,-18.383184140360175,-16.47563165099903,-20.501258222128744,-15.053803972161221,-13.99330265821873,-26.49627493108096,-19.0658203079799,4.458989460122685,10,-17.25553977175695,-13.935325684657906,-12.846364995966907,-10.694911756699213,-13.744837749148168,-11.761959057434083,-13.603978088027858,-11.444480751738274,-9.618704917786136,-18.637149691967846,-13.354325246518334,2.667369415721488,7,19.0658203079799,4.458989460122685,13.354325246518334,2.667369415721488,0.31264603897251186,0.18111176343074006
RF,10,20000,61.316133026281996,5.421849942207336,1.0066528490682327,0.5012434482574463,0.010593963812120258,True,,0.5,5,2000,"{'bootstrap': True, 'max_depth': None, 'max_features': 0.5, 'min_samples_leaf': 5, 'n_estimators': 2000}",0.01078059652309582,0.26319264342961257,0.13688869824578453,0.5930997425018099,0.05019525264000502,0.33545718748613906,0.3995472598758427,0.4511592051875809,0.5452931052415853,0.3135456890547501,0.3099159380186206,0.18796348628728454,16,-27.630874531355808,-18.630641421443265,-19.51127121106891,-14.36105859078437,-18.55365773696479,-16.552498390188564,-20.22945422381161,-15.045748860023501,-13.933499615372451,-26.389650354731245,-19.08383549357445,4.471608396427395,13,-17.372185151994284,-14.08539569948849,-12.860695402734363,-10.749623078438262,-13.79884175632952,-11.74905445845784,-13.398555953924483,-11.4434858464048,-9.590010003086224,-18.52025941699753,-13.35681067678558,2.6644031632869525,10,19.08383549357445,4.471608396427395,13.35681067678558,2.6644031632869525,0.3099159380186206,0.18796348628728454
RF,10,20000,61.316133026281996,5.428893256187439,1.063120037837295,0.49419598579406737,0.01906981188511632,True,20,0.5,5,2000,"{'bootstrap': True, 'max_depth': 20, 'max_features': 0.5, 'min_samples_leaf': 5, 'n_estimators': 2000}",0.01078059652309582,0.2631926434296127,0.13688869824578465,0.59309974250181,0.05019525264000502,0.33545718748613906,0.3995472598758427,0.4511592051875809,0.5452931052415853,0.3135456890547501,0.3099159380186206,0.18796348628728454,16,-27.630874531355808,-18.630641421443265,-19.51127121106891,-14.36105859078437,-18.55365773696479,-16.552498390188564,-20.22945422381161,-15.045748860023501,-13.933499615372451,-26.389650354731245,-19.08383549357445,4.471608396427395,13,-17.372185151994284,-14.08539569948849,-12.860695402734365,-10.74962307843826,-13.79884175632952,-11.74905445845784,-13.398555953924483,-11.4434858464048,-9.590010003086224,-18.52025941699753,-13.35681067678558,2.6644031632869525,10,19.08383549357445,4.471608396427395,13.35681067678558,2.6644031632869525,0.3099159380186206,0.18796348628728454
RF,10,20000,61.316133026281996,5.537473177909851,1.0874988614509478,0.5021167278289795,0.024169936577850864,True,40,0.5,5,2000,"{'bootstrap': True, 'max_depth': 40, 'max_features': 0.5, 'min_samples_leaf': 5, 'n_estimators': 2000}",0.01078059652309582,0.26319264342961257,0.13688869824578465,0.59309974250181,0.05019525264000502,0.3354571874861392,0.3995472598758427,0.4511592051875809,0.5452931052415853,0.3135456890547501,0.3099159380186206,0.18796348628728454,16,-27.630874531355808,-18.630641421443265,-19.51127121106891,-14.36105859078437,-18.55365773696479,-16.552498390188564,-20.22945422381161,-15.045748860023501,-13.933499615372451,-26.389650354731245,-19.08383549357445,4.471608396427395,13,-17.372185151994284,-14.08539569948849,-12.860695402734365,-10.74962307843826,-13.79884175632952,-11.74905445845784,-13.39855595392448,-11.4434858464048,-9.590010003086222,-18.52025941699753,-13.35681067678558,2.6644031632869525,10,19.08383549357445,4.471608396427395,13.35681067678558,2.6644031632869525,0.3099159380186206,0.18796348628728454
RF,10,20000,61.316133026281996,1.1324917316436767,0.29405384955739927,0.13265013694763184,0.006223559266092821,True,,sqrt,5,500,"{'bootstrap': True, 'max_depth': None, 'max_features': 'sqrt', 'min_samples_leaf': 5, 'n_estimators': 500}",0.009948783070859779,0.2936105845127681,0.1357125736121394,0.5469038124076858,0.12079417007741056,0.33892571522078874,0.3705548856377595,0.4508486513679578,0.5454203914415283,0.3202662984965705,0.3132985865845469,0.17098508699653348,7,-27.642489196135593,-18.242019770424708,-19.52456027038481,-15.154362643935421,-17.85079869454537,-16.5092446598185,-20.71207852450933,-15.050004970392413,-13.931549275084251,-26.260151014368244,-19.087725901959864,4.4126122678303545,16,-17.070616854523216,-14.015798233454456,-12.992788503569393,-11.282210242324279,-13.359421205145336,-11.877495691699123,-13.825500290591322,-11.426776885569916,-9.521083881301319,-18.598326023344683,-13.397001781152303,2.587784959947376,25,19.087725901959864,4.4126122678303545,13.397001781152303,2.587784959947376,0.3132985865845469,0.17098508699653348
RF,10,20000,61.316133026281996,1.1530826330184936,0.28059863356916465,0.1282041311264038,0.006634319241425298,True,20,sqrt,5,500,"{'bootstrap': True, 'max_depth': 20, 'max_features': 'sqrt', 'min_samples_leaf': 5, 'n_estimators': 500}",0.009948783070859779,0.2936105845127681,0.1357125736121394,0.5469038124076858,0.12079417007741022,0.33892571522078896,0.3705548856377595,0.4508486513679578,0.5454203914415283,0.3202662984965705,0.3132985865845469,0.17098508699653353,7,-27.642489196135593,-18.242019770424708,-19.52456027038481,-15.154362643935421,-17.850798694545375,-16.509244659818496,-20.71207852450933,-15.050004970392413,-13.931549275084251,-26.260151014368244,-19.087725901959864,4.412612267830355,16,-17.070616854523216,-14.015798233454452,-12.992788503569393,-11.282210242324282,-13.359421205145336,-11.877495691699123,-13.825500290591322,-11.426776885569916,-9.52108388130132,-18.598326023344683,-13.397001781152303,2.5877849599473755,25,19.087725901959864,4.412612267830355,13.397001781152303,2.5877849599473755,0.3132985865845469,0.17098508699653353
RF,10,20000,61.316133026281996,1.1583121299743653,0.3056457952242319,0.1321967601776123,0.005813164422964179,True,40,sqrt,5,500,"{'bootstrap': True, 'max_depth': 40, 'max_features': 'sqrt', 'min_samples_leaf': 5, 'n_estimators': 500}",0.009948783070859779,0.2936105845127682,0.1357125736121394,0.5469038124076858,0.12079417007741022,0.33892571522078874,0.3705548856377596,0.4508486513679578,0.5454203914415283,0.3202662984965705,0.3132985865845469,0.17098508699653353,7,-27.642489196135593,-18.242019770424708,-19.52456027038481,-15.154362643935421,-17.850798694545375,-16.5092446598185,-20.71207852450933,-15.050004970392413,-13.931549275084251,-26.260151014368244,-19.087725901959864,4.4126122678303545,16,-17.070616854523216,-14.015798233454452,-12.992788503569393,-11.282210242324279,-13.359421205145336,-11.877495691699123,-13.825500290591325,-11.426776885569916,-9.521083881301319,-18.598326023344683,-13.397001781152307,2.587784959947376,27,19.087725901959864,4.4126122678303545,13.397001781152307,2.587784959947376,0.3132985865845469,0.17098508699653353
RF,10,20000,61.316133026281996,2.128667688369751,0.6086900280103862,0.13611922264099122,0.008315713008330953,True,,1.0,5,500,"{'bootstrap': True, 'max_depth': None, 'max_features': 1.0, 'min_samples_leaf': 5, 'n_estimators': 500}",-0.00991850703178998,0.24889235670622867,0.12180652642755574,0.6279324783318887,-0.02840196231505443,0.3598915645494808,0.4072387144266797,0.4824613044282191,0.5215260325629184,0.29210943685954416,0.30235379449456706,0.21053784814592755,23,-27.91846156391627,-18.81056850129605,-19.681004773895072,-13.732618410401493,-19.306067539147186,-16.245341563123027,-20.09947279350167,-14.610397424379281,-14.293006695042429,-26.798524272311298,-19.14954635370138,4.676455009832511,19,-17.88920436123459,-14.060079648887559,-12.723358027249413,-10.21695868666927,-14.490070314914323,-11.345596273283585,-12.957059048357833,-11.228257902454652,-9.890292373044007,-18.643056357418704,-13.344393299351392,2.8509035801368094,4,19.14954635370138,4.676455009832511,13.344393299351392,2.8509035801368094,0.30235379449456706,0.21053784814592755
RF,10,20000,61.316133026281996,2.068663215637207,0.618635224993268,0.13199994564056397,0.006920501509556697,True,20,1.0,5,500,"{'bootstrap': True, 'max_depth': 20, 'max_features': 1.0, 'min_samples_leaf': 5, 'n_estimators': 500}",-0.00991850703178998,0.24889235670622867,0.12180652642755563,0.6279324783318887,-0.02840196231505443,0.3598915645494808,0.4072387144266797,0.4824613044282191,0.5215260325629183,0.29210943685954416,0.302353794494567,0.21053784814592755,24,-27.91846156391627,-18.81056850129605,-19.681004773895076,-13.732618410401495,-19.306067539147186,-16.245341563123027,-20.09947279350167,-14.61039742437928,-14.293006695042429,-26.798524272311298,-19.14954635370138,4.676455009832511,19,-17.889204361234587,-14.060079648887559,-12.723358027249413,-10.216958686669273,-14.490070314914323,-11.345596273283585,-12.957059048357833,-11.228257902454652,-9.890292373044007,-18.643056357418704,-13.344393299351392,2.850903580136808,4,19.14954635370138,4.676455009832511,13.344393299351392,2.850903580136808,0.302353794494567,0.21053784814592755
RF,10,20000,61.316133026281996,1.9461244583129882,0.45721585491014766,0.13272604942321778,0.007611804336139515,True,40,1.0,5,500,"{'bootstrap': True, 'max_depth': 40, 'max_features': 1.0, 'min_samples_leaf': 5, 'n_estimators': 500}",-0.00991850703178998,0.24889235670622867,0.12180652642755574,0.6279324783318887,-0.02840196231505443,0.3598915645494808,0.4072387144266797,0.4824613044282191,0.5215260325629183,0.29210943685954427,0.3023537944945671,0.21053784814592755,22,-27.91846156391627,-18.81056850129605,-19.681004773895072,-13.732618410401495,-19.306067539147186,-16.245341563123027,-20.09947279350167,-14.61039742437928,-14.293006695042429,-26.798524272311294,-19.14954635370138,4.67645500983251,19,-17.889204361234587,-14.060079648887559,-12.723358027249413,-10.216958686669273,-14.490070314914323,-11.345596273283585,-12.957059048357833,-11.228257902454652,-9.890292373044007,-18.643056357418704,-13.344393299351392,2.850903580136808,4,19.14954635370138,4.67645500983251,13.344393299351392,2.850903580136808,0.3023537944945671,0.21053784814592755
RF,10,20000,61.316133026281996,3.917299008369446,0.8135161565130895,0.256154203414917,0.0067153173094370135,True,,1.0,5,1000,"{'bootstrap': True, 'max_depth': None, 'max_features': 1.0, 'min_samples_leaf': 5, 'n_estimators': 1000}",-0.0128818059707545,0.25515956607848234,0.11890454664952166,0.6251301715030322,-0.03585190139766303,0.3553724454306022,0.4151086384553584,0.47394190138046155,0.5165182781288484,0.2981806006047021,0.30095824408625915,0.21086810200137832,25,-27.959390682833348,-18.73192683097069,-19.713495776361537,-13.784236489026487,-19.375869761621637,-16.302586171601405,-19.965599449805357,-14.730160249722335,-14.367607996491126,-26.68335917239271,-19.16142325808266,4.635402164326198,22,-18.006984269301736,-14.003256447215916,-12.771171937364503,-10.254924167584234,-14.521197505710466,-11.37900956130641,-12.866851589371457,-11.350681874257667,-10.049641058216622,-18.57768152492986,-13.378139993525886,2.8236341785829184,16,19.16142325808266,4.635402164326198,13.378139993525886,2.8236341785829184,0.30095824408625915,0.21086810200137832
RF,10,20000,61.316133026281996,3.899939680099487,0.7976791691242532,0.2571531057357788,0.011088400278934627,True,20,1.0,5,1000,"{'bootstrap': True, 'max_depth': 20, 'max_features': 1.0, 'min_samples_leaf': 5, 'n_estimators': 1000}",-0.0128818059707545,0.2551595660784821,0.11890454664952166,0.6251301715030323,-0.03585190139766303,0.3553724454306022,0.4151086384553584,0.47394190138046155,0.5165182781288484,0.2981806006047021,0.3009582440862591,0.21086810200137834,26,-27.959390682833348,-18.731926830970693,-19.713495776361537,-13.784236489026485,-19.375869761621637,-16.302586171601405,-19.96559944980536,-14.730160249722335,-14.367607996491127,-26.68335917239271,-19.161423258082664,4.635402164326198,23,-18.006984269301736,-14.003256447215916,-12.771171937364503,-10.254924167584234,-14.521197505710466,-11.37900956130641,-12.866851589371457,-11.350681874257667,-10.049641058216622,-18.57768152492986,-13.378139993525886,2.8236341785829184,16,19.161423258082664,4.635402164326198,13.378139993525886,2.8236341785829184,0.3009582440862591,0.21086810200137834
RF,10,20000,61.316133026281996,4.081219744682312,1.0051913823200922,0.2559981822967529,0.011764486088951283,True,40,1.0,5,1000,"{'bootstrap': True, 'max_depth': 40, 'max_features': 1.0, 'min_samples_leaf': 5, 'n_estimators': 1000}",-0.0128818059707545,0.2551595660784821,0.11890454664952166,0.6251301715030323,-0.03585190139766303,0.3553724454306022,0.4151086384553584,0.47394190138046155,0.5165182781288484,0.2981806006047021,0.3009582440862591,0.21086810200137834,26,-27.959390682833348,-18.731926830970693,-19.713495776361537,-13.784236489026485,-19.375869761621637,-16.302586171601405,-19.96559944980536,-14.730160249722335,-14.367607996491126,-26.68335917239271,-19.161423258082664,4.635402164326198,23,-18.006984269301736,-14.003256447215916,-12.7711719373645,-10.254924167584232,-14.521197505710466,-11.37900956130641,-12.866851589371457,-11.350681874257665,-10.049641058216622,-18.57768152492986,-13.378139993525886,2.8236341785829184,16,19.161423258082664,4.635402164326198,13.378139993525886,2.8236341785829184,0.3009582440862591,0.21086810200137834
RF,10,20000,61.316133026281996,7.995311141014099,1.0346112855444296,0.5013951301574707,0.02303486084706864,True,,1.0,5,2000,"{'bootstrap': True, 'max_depth': None, 'max_features': 1.0, 'min_samples_leaf': 5, 'n_estimators': 2000}",-0.014586839658494943,0.25501571090548536,0.11755055610004317,0.6247182369481001,-0.03951494207870132,0.3480465589754944,0.41774438187577445,0.47596923657675216,0.5198521034413579,0.2961129447559011,0.3000907947841712,0.21224418778748197,28,-27.98291349544597,-18.73373564421097,-19.728636951082265,-13.791807976301826,-19.410098575425927,-16.394960047038552,-19.920562353190594,-14.701749129703394,-14.317986728043257,-26.72263667554399,-19.170508757598675,4.647216911887067,25,-18.0299305206048,-14.013358272344039,-12.809166828607143,-10.237857619995175,-14.536785084403373,-11.424129826104107,-12.854902725856444,-11.2642337613523,-10.038323815111275,-18.630175509678285,-13.383886396405694,2.8437417455219007,19,19.170508757598675,4.647216911887067,13.383886396405694,2.8437417455219007,0.3000907947841712,0.21224418778748197
RF,10,20000,61.316133026281996,8.07536780834198,1.0319570155601296,0.4944641590118408,0.015432872870512928,True,20,1.0,5,2000,"{'bootstrap': True, 'max_depth': 20, 'max_features': 1.0, 'min_samples_leaf': 5, 'n_estimators': 2000}",-0.014586839658494943,0.25501571090548514,0.11755055610004317,0.6247182369481004,-0.03951494207870132,0.3480465589754944,0.41774438187577445,0.47596923657675216,0.5198521034413577,0.2961129447559011,0.3000907947841712,0.212244187787482,28,-27.98291349544597,-18.73373564421097,-19.728636951082265,-13.791807976301824,-19.410098575425927,-16.394960047038552,-19.920562353190594,-14.701749129703394,-14.317986728043259,-26.72263667554399,-19.170508757598675,4.647216911887067,25,-18.0299305206048,-14.01335827234404,-12.809166828607143,-10.237857619995177,-14.536785084403373,-11.424129826104107,-12.854902725856446,-11.2642337613523,-10.038323815111276,-18.630175509678285,-13.383886396405694,2.8437417455219,19,19.170508757598675,4.647216911887067,13.383886396405694,2.8437417455219,0.3000907947841712,0.212244187787482
RF,10,20000,61.316133026281996,8.184776782989502,1.0292486010765254,0.4967766284942627,0.021093600554265485,True,40,1.0,5,2000,"{'bootstrap': True, 'max_depth': 40, 'max_features': 1.0, 'min_samples_leaf': 5, 'n_estimators': 2000}",-0.014586839658494943,0.25501571090548525,0.11755055610004317,0.6247182369481001,-0.03951494207870132,0.3480465589754942,0.41774438187577445,0.47596923657675216,0.5198521034413577,0.2961129447559011,0.30009079478417117,0.21224418778748194,30,-27.98291349544597,-18.73373564421097,-19.728636951082265,-13.791807976301826,-19.410098575425927,-16.394960047038552,-19.920562353190594,-14.701749129703394,-14.317986728043259,-26.72263667554399,-19.170508757598675,4.647216911887067,25,-18.0299305206048,-14.013358272344039,-12.809166828607143,-10.237857619995177,-14.536785084403373,-11.424129826104107,-12.854902725856444,-11.2642337613523,-10.038323815111276,-18.630175509678285,-13.383886396405694,2.8437417455219,19,19.170508757598675,4.647216911887067,13.383886396405694,2.8437417455219,0.30009079478417117,0.21224418778748194
RF,10,20000,61.316133026281996,4.83517906665802,1.0278247497298167,0.5605133056640625,0.008892507065579099,True,,sqrt,2,2000,"{'bootstrap': True, 'max_depth': None, 'max_features': 'sqrt', 'min_samples_leaf': 2, 'n_estimators': 2000}",0.018483758704813003,0.2638649069060792,0.1192802411584285,0.5318390134828451,0.06691484897806754,0.30161091053812683,0.37651003766878477,0.43588034076346316,0.5654975286048112,0.3448738471887237,0.3024755433994143,0.17834123211126449,19,-27.523081917102086,-18.622140177631685,-19.709292462321294,-15.404233088608622,-18.38963087327754,-16.968786863188274,-20.61386765675123,-15.253736276633909,-13.620422069512465,-25.78043768287614,-19.188562906790324,4.265142565601621,28,-16.87095243180607,-14.339413599317353,-13.141227337043288,-11.33682091940467,-13.671213464537605,-12.044131976440946,-13.87614778143275,-11.491155880544886,-9.373526185839015,-18.134111850609184,-13.427870142697575,2.482993279664757,28,19.188562906790324,4.265142565601621,13.427870142697575,2.482993279664757,0.3024755433994143,0.17834123211126449
RF,10,20000,61.316133026281996,4.957544946670533,0.8436838391925078,0.5531670093536377,0.03636029553837549,True,40,sqrt,2,2000,"{'bootstrap': True, 'max_depth': 40, 'max_features': 'sqrt', 'min_samples_leaf': 2, 'n_estimators': 2000}",0.018483758704813114,0.2638649069060792,0.11928024115842828,0.5318390134828451,0.06691484897806754,0.30161091053812683,0.37651003766878477,0.43588034076346316,0.5654975286048112,0.34487384718872394,0.3024755433994143,0.17834123211126449,19,-27.523081917102086,-18.622140177631685,-19.709292462321294,-15.404233088608622,-18.38963087327754,-16.968786863188274,-20.61386765675123,-15.253736276633909,-13.620422069512465,-25.780437682876137,-19.188562906790324,4.26514256560162,28,-16.870952431806074,-14.339413599317353,-13.141227337043288,-11.336820919404666,-13.671213464537605,-12.044131976440946,-13.87614778143275,-11.491155880544886,-9.373526185839017,-18.134111850609184,-13.427870142697577,2.482993279664758,29,19.188562906790324,4.26514256560162,13.427870142697577,2.482993279664758,0.3024755433994143,0.17834123211126449
RF,10,20000,61.316133026281996,4.739325952529907,0.9340866429149423,0.5440340280532837,0.03301919892799013,True,20,sqrt,2,2000,"{'bootstrap': True, 'max_depth': 20, 'max_features': 'sqrt', 'min_samples_leaf': 2, 'n_estimators': 2000}",0.017936346617405508,0.2639102762810588,0.11986427623634721,0.5320158841266115,0.06685154975500585,0.30111567543828066,0.3763444691400686,0.43539193053388914,0.565398978374799,0.3447407143581792,0.3023570100861645,0.17833796955894082,21,-27.53075594579111,-18.621566310221496,-19.702756429152842,-15.401322963583539,-18.390254626428142,-16.974802170236742,-20.61660449406477,-15.260338128614746,-13.621966617256982,-25.783057062573327,-19.190342474792374,4.266190951552369,30,-16.87760123971113,-14.345697082362088,-13.140057511583846,-11.329342818315942,-13.666844966016896,-12.049665104573778,-13.87724308108558,-11.489016168120443,-9.37287500423918,-18.13372675714636,-13.428206973315522,2.4846614206886315,30,19.190342474792374,4.266190951552369,13.428206973315522,2.4846614206886315,0.3023570100861645,0.17833796955894082
RF,10,20000,61.316133026281996,1.6073280096054077,0.406882952505344,0.14813554286956787,0.010594203752362233,True,,0.5,2,500,"{'bootstrap': True, 'max_depth': None, 'max_features': 0.5, 'min_samples_leaf': 2, 'n_estimators': 500}",0.017295169188718984,0.2420686057280702,0.07406982824695307,0.5675234259929463,0.03094197531154419,0.2847969194949076,0.3817148194329345,0.46306379804322095,0.5729145474850643,0.3358023854441716,0.2970191474368532,0.19683929186914467,37,-27.53974172740323,-18.895821541423302,-20.208835187812834,-14.805523422736732,-18.740762803831654,-17.171837100338156,-20.52764691602604,-14.881679919697534,-13.503670413746558,-25.95831352403335,-19.223383255704938,4.391188589847953,31,-17.245265804423504,-14.458836387316383,-13.421460134509362,-10.806114201553433,-13.912655571280574,-11.936350242652084,-13.836390656185914,-11.354520337644809,-9.48617360023018,-18.30445569302043,-13.476222262881667,2.621622441812365,43,19.223383255704938,4.391188589847953,13.476222262881667,2.621622441812365,0.2970191474368532,0.19683929186914467
RF,10,20000,61.316133026281996,1.6110976934432983,0.4820604686886577,0.1444347620010376,0.008569337231832647,True,40,0.5,2,500,"{'bootstrap': True, 'max_depth': 40, 'max_features': 0.5, 'min_samples_leaf': 2, 'n_estimators': 500}",0.017295169188718984,0.2420686057280702,0.07406982824695318,0.5675234259929463,0.03094197531154419,0.2847969194949076,0.3817148194329345,0.46306379804322084,0.5729145474850643,0.3358023854441716,0.2970191474368532,0.19683929186914462,37,-27.53974172740323,-18.895821541423302,-20.208835187812834,-14.805523422736732,-18.740762803831654,-17.171837100338156,-20.52764691602604,-14.881679919697536,-13.503670413746558,-25.95831352403335,-19.223383255704938,4.391188589847953,31,-17.245265804423504,-14.458836387316383,-13.421460134509362,-10.806114201553434,-13.912655571280574,-11.936350242652084,-13.836390656185914,-11.35452033764481,-9.48617360023018,-18.304455693020426,-13.476222262881667,2.621622441812364,43,19.223383255704938,4.391188589847953,13.476222262881667,2.621622441812364,0.2970191474368532,0.19683929186914462
RF,10,20000,61.316133026281996,1.5871519804000855,0.40145791974042194,0.1418534517288208,0.010646579144262596,True,20,0.5,2,500,"{'bootstrap': True, 'max_depth': 20, 'max_features': 0.5, 'min_samples_leaf': 2, 'n_estimators': 500}",0.0163976631876529,0.2401785804807529,0.07394130950493605,0.5674767651227097,0.03260658033676922,0.2843988174956147,0.38194581723944443,0.46183987674284654,0.5727877771970497,0.33647975664026464,0.2968052943948041,0.19670969018914333,41,-27.552314903870045,-18.919366774780272,-20.210237628319895,-14.806322101804808,-18.72465985879285,-17.176615597407867,-20.52381188605719,-14.898631316613644,-13.505674388787975,-25.945073564402055,-19.22627080208366,4.389232825393611,33,-17.266437681990382,-14.480276729196726,-13.414938314499308,-10.80763599642523,-13.904910906315905,-11.93630913989519,-13.824217235133284,-11.371453704876997,-9.484598036320406,-18.304561675283782,-13.479533941993722,2.623948170534239,45,19.22627080208366,4.389232825393611,13.479533941993722,2.623948170534239,0.2968052943948041,0.19670969018914333
RF,10,20000,61.316133026281996,2.4349317073822023,0.6378910772769347,0.27660245895385743,0.019296685349197925,True,,sqrt,2,1000,"{'bootstrap': True, 'max_depth': None, 'max_features': 'sqrt', 'min_samples_leaf': 2, 'n_estimators': 1000}",0.020720147567423464,0.26761223971906134,0.11957877319357613,0.5315286882728393,0.05679046352199768,0.29081148031249504,0.3722096026766517,0.4339035047192745,0.5546568243950523,0.3457780148045002,0.29935897391828714,0.17734848578299453,31,-27.491708307030578,-18.574681230707146,-19.705951811780135,-15.409337668119951,-18.489129503621157,-17.09948064875315,-20.68483613075491,-15.280439622458948,-13.789287959820545,-25.76264119814276,-19.228749408118926,4.22598589267509,34,-16.879956532961337,-14.314847000150852,-13.092619110725453,-11.295634260091763,-13.742859734787995,-12.11166631427783,-13.906130388566108,-11.426730340777642,-9.414593398348728,-18.178041613978127,-13.436307869466583,2.4919302381218307,31,19.228749408118926,4.22598589267509,13.436307869466583,2.4919302381218307,0.29935897391828714,0.17734848578299453
RF,10,20000,61.316133026281996,2.3268928050994875,0.5385749127465416,0.2764989614486694,0.015243735579944342,True,40,sqrt,2,1000,"{'bootstrap': True, 'max_depth': 40, 'max_features': 'sqrt', 'min_samples_leaf': 2, 'n_estimators': 1000}",0.020720147567423575,0.26761223971906134,0.11957877319357613,0.5315286882728392,0.05679046352199768,0.29081148031249493,0.3722096026766515,0.4339035047192745,0.5546568243950523,0.3457780148045002,0.29935897391828714,0.1773484857829945,31,-27.491708307030578,-18.574681230707146,-19.705951811780135,-15.409337668119953,-18.489129503621157,-17.09948064875315,-20.684836130754913,-15.280439622458948,-13.789287959820543,-25.76264119814276,-19.228749408118926,4.22598589267509,34,-16.879956532961337,-14.314847000150852,-13.092619110725453,-11.295634260091763,-13.742859734787995,-12.11166631427783,-13.906130388566108,-11.426730340777642,-9.414593398348728,-18.178041613978127,-13.436307869466583,2.4919302381218307,31,19.228749408118926,4.22598589267509,13.436307869466583,2.4919302381218307,0.29935897391828714,0.1773484857829945
RF,10,20000,61.316133026281996,2.493452715873718,0.6268970288514757,0.2762356519699097,0.01778038974861842,True,20,sqrt,2,1000,"{'bootstrap': True, 'max_depth': 20, 'max_features': 'sqrt', 'min_samples_leaf': 2, 'n_estimators': 1000}",0.020323093289129512,0.2680591685244633,0.12083552303844136,0.5310886827763192,0.055951011921758775,0.2899044179466712,0.3718610536453748,0.43343335889065704,0.5544621750612928,0.3454778779009481,0.29913963629950563,0.17725219696469616,33,-27.49728107264028,-18.569012903486172,-19.691882241868477,-15.416572478232627,-18.497355288530247,-17.11041239583963,-20.69057744123128,-15.286783544416684,-13.792301122072077,-25.76855007379762,-19.23207285621151,4.225792594230587,36,-16.885034982289785,-14.32448035401921,-13.087507430831275,-11.297733982822733,-13.744620736008997,-12.118048228438232,-13.909034300319556,-11.415386311955587,-9.414586703486576,-18.178812529809374,-13.437524555998133,2.493667287100434,33,19.23207285621151,4.225792594230587,13.437524555998133,2.493667287100434,0.29913963629950563,0.17725219696469616
RF,10,20000,61.316133026281996,1.5252725601196289,0.44650920192701693,0.1463489055633545,0.009776912278811943,True,,sqrt,1,500,"{'bootstrap': True, 'max_depth': None, 'max_features': 'sqrt', 'min_samples_leaf': 1, 'n_estimators': 500}",0.0034725639722714696,0.26292305017491124,0.12126126519432823,0.5103646486032561,0.04211373295451648,0.2827911662592315,0.371092705718153,0.4279740875331971,0.5910978696388243,0.35603520888283624,0.29691262989315254,0.18480250204045048,39,-27.732750696345292,-18.63404952795438,-19.687113691825708,-15.753565201045431,-18.63242347874482,-17.1958990447692,-20.703228068792107,-15.3602564776764,-13.213081896163997,-25.559884041846356,-19.24722521251637,4.276145774480397,37,-17.056943589743582,-14.43104102564104,-13.12110256410256,-11.505384615384612,-13.961364102564085,-12.017010526315783,-13.984910526315792,-11.641089473684211,-9.272805263157887,-18.126047368421055,-13.511769905533061,2.5102120300960564,57,19.24722521251637,4.276145774480397,13.511769905533061,2.5102120300960564,0.29691262989315254,0.18480250204045048
RF,10,20000,61.316133026281996,1.3613054990768432,0.3980951984266445,0.1440296173095703,0.006575439004071829,True,40,sqrt,1,500,"{'bootstrap': True, 'max_depth': 40, 'max_features': 'sqrt', 'min_samples_leaf': 1, 'n_estimators': 500}",0.0034725639722714696,0.26292305017491124,0.121261265194328,0.5103646486032563,0.04211373295451648,0.2827911662592315,0.371092705718153,0.4279740875331971,0.5910978696388243,0.35603520888283624,0.29691262989315254,0.1848025020404505,39,-27.732750696345292,-18.634049527954385,-19.68711369182571,-15.75356520104543,-18.63242347874482,-17.1958990447692,-20.703228068792107,-15.3602564776764,-13.213081896163997,-25.559884041846356,-19.24722521251637,4.276145774480397,37,-17.056943589743582,-14.43104102564104,-13.121102564102557,-11.505384615384612,-13.961364102564085,-12.017010526315783,-13.984910526315792,-11.641089473684211,-9.272805263157887,-18.126047368421055,-13.511769905533061,2.5102120300960564,57,19.24722521251637,4.276145774480397,13.511769905533061,2.5102120300960564,0.29691262989315254,0.1848025020404505
RF,10,20000,61.316133026281996,6.298057222366333,0.9844993223116254,0.5361076116561889,0.03439193518352384,True,20,0.5,2,2000,"{'bootstrap': True, 'max_depth': 20, 'max_features': 0.5, 'min_samples_leaf': 2, 'n_estimators': 2000}",0.010383613768802813,0.23593746945791905,0.08668348731841669,0.5640888241248461,0.0023949399702105634,0.2955116479632941,0.3876475294277816,0.45034886324431467,0.5808196290461493,0.3327676827945655,0.29465836871163004,0.2004376069008692,47,-27.63641823600274,-18.97209461069304,-20.070713836982517,-14.864197717829619,-19.01479705229743,-17.042722797346737,-20.428923759069267,-15.056851992732073,-13.378114511437463,-26.01754739129569,-19.24823819056866,4.410176022066286,39,-17.248596052873662,-14.36529781021839,-13.279554898607557,-10.890636524173832,-14.074740797461091,-11.850414624921868,-13.73142944447366,-11.50566353467438,-9.335321661905347,-18.278354966398332,-13.45600103157081,2.624849436268624,42,19.24823819056866,4.410176022066286,13.45600103157081,2.624849436268624,0.29465836871163004,0.2004376069008692
RF,10,20000,61.316133026281996,6.434226775169373,1.0044203902154392,0.534880518913269,0.05036985547638604,True,,0.5,2,2000,"{'bootstrap': True, 'max_depth': None, 'max_features': 0.5, 'min_samples_leaf': 2, 'n_estimators': 2000}",0.010392368770352212,0.23514119812296275,0.08648256286625322,0.5640889111083938,0.0019678095906834336,0.2962491093401658,0.38782190524058935,0.45071385949897613,0.5813316026610302,0.3322990116156156,0.2946488338815022,0.20064417519153807,49,-27.636295987916018,-18.981977964873956,-20.072921437172592,-14.864196234797308,-19.018867264370503,-17.03380026466291,-20.426014843047174,-15.051851905517779,-13.36994221287431,-26.0266832902955,-19.248255140552807,4.413447383407853,40,-17.238871887635156,-14.36561789797098,-13.282934583361797,-10.891781694605257,-14.076182791791549,-11.845293662715218,-13.734766285012507,-11.506660959161442,-9.330863098308857,-18.283880822916103,-13.455685368347883,2.6253478482054957,39,19.248255140552807,4.413447383407853,13.455685368347883,2.6253478482054957,0.2946488338815022,0.20064417519153807
RF,10,20000,61.316133026281996,6.42754898071289,0.9758462131026534,0.5291398286819458,0.04709680448612792,True,40,0.5,2,2000,"{'bootstrap': True, 'max_depth': 40, 'max_features': 0.5, 'min_samples_leaf': 2, 'n_estimators': 2000}",0.010392368770352212,0.23514119812296286,0.08648256286625322,0.5640889111083937,0.0019678095906834336,0.2962491093401658,0.38782190524058924,0.45071385949897613,0.5813316026610302,0.3322990116156157,0.29464883388150226,0.20064417519153807,48,-27.636295987916018,-18.981977964873952,-20.072921437172592,-14.86419623479731,-19.018867264370503,-17.03380026466291,-20.426014843047177,-15.051851905517779,-13.369942212874308,-26.0266832902955,-19.248255140552807,4.413447383407854,40,-17.238871887635153,-14.365617897970978,-13.282934583361797,-10.891781694605255,-14.076182791791549,-11.845293662715216,-13.734766285012507,-11.506660959161442,-9.330863098308857,-18.283880822916103,-13.455685368347883,2.6253478482054953,39,19.248255140552807,4.413447383407854,13.455685368347883,2.6253478482054953,0.29464883388150226,0.20064417519153807
RF,10,20000,61.316133026281996,3.437482762336731,0.8846735852289871,0.28258211612701417,0.018402214358476346,True,,0.5,2,1000,"{'bootstrap': True, 'max_depth': None, 'max_features': 0.5, 'min_samples_leaf': 2, 'n_estimators': 1000}",0.009581098235855179,0.24658226710067166,0.07110855325843568,0.5702163751529381,0.00420722269861451,0.2842428795258999,0.3812291610111618,0.45437757512468824,0.5863010828467679,0.3318566486365372,0.293970286359157,0.20332157395789854,50,-27.647621648088904,-18.839472972465273,-20.241124959078256,-14.759355855760424,-18.997517742940598,-17.17848698941065,-20.53570749062695,-15.001570309288734,-13.290356551122773,-26.035303417462604,-19.252651793624516,4.443551839640353,42,-17.24945258710662,-14.3153601023051,-13.372813506956003,-10.798959565996691,-13.990018798516294,-11.84910211760461,-13.793598580031086,-11.491506470181868,-9.325303651903647,-18.355488437856007,-13.454160381845792,2.6477098806152606,36,19.252651793624516,4.443551839640353,13.454160381845792,2.6477098806152606,0.293970286359157,0.20332157395789854
RF,10,20000,61.316133026281996,3.474076819419861,0.7938412982204709,0.2759380340576172,0.022654478979456886,True,40,0.5,2,1000,"{'bootstrap': True, 'max_depth': 40, 'max_features': 0.5, 'min_samples_leaf': 2, 'n_estimators': 1000}",0.009581098235855179,0.24658226710067166,0.07110855325843568,0.5702163751529381,0.004207222698614399,0.2842428795258999,0.3812291610111619,0.45437757512468824,0.5863010828467679,0.3318566486365372,0.293970286359157,0.20332157395789854,50,-27.647621648088904,-18.839472972465273,-20.241124959078256,-14.759355855760422,-18.997517742940598,-17.17848698941065,-20.53570749062695,-15.001570309288734,-13.290356551122773,-26.035303417462604,-19.252651793624516,4.443551839640353,42,-17.24945258710662,-14.3153601023051,-13.372813506956005,-10.798959565996691,-13.990018798516294,-11.84910211760461,-13.793598580031082,-11.491506470181868,-9.325303651903647,-18.355488437856007,-13.454160381845792,2.6477098806152606,36,19.252651793624516,4.443551839640353,13.454160381845792,2.6477098806152606,0.293970286359157,0.20332157395789854
RF,10,20000,61.316133026281996,3.4076295375823973,0.8460936814916025,0.28020265102386477,0.015270077970906038,True,20,0.5,2,1000,"{'bootstrap': True, 'max_depth': 20, 'max_features': 0.5, 'min_samples_leaf': 2, 'n_estimators': 1000}",0.009097701315263884,0.2459417243186648,0.07143133798509915,0.5705951862390042,0.005314713027283369,0.28421938124873325,0.38156427271860627,0.45372132356510964,0.5852084236654145,0.33241547473962507,0.2939509538822804,0.20307928332372024,52,-27.654367856583743,-18.84747976876135,-20.237607813075876,-14.752849977198327,-18.986950574351347,-17.178768971611046,-20.530145909853662,-15.010589225129996,-13.307896183698485,-26.024413351292726,-19.25310696315566,4.440347923901233,44,-17.26529426899536,-14.323575957005952,-13.372271101224477,-10.794672642919764,-13.982216080123576,-11.849175031138444,-13.787340002336848,-11.498273674417689,-9.33499800654024,-18.351802485576524,-13.455961925027887,2.647751734943313,41,19.25310696315566,4.440347923901233,13.455961925027887,2.647751734943313,0.2939509538822804,0.20307928332372024
RF,10,20000,61.316133026281996,5.489559841156006,0.955041721517297,0.5542238473892211,0.033545155604845216,True,,sqrt,1,2000,"{'bootstrap': True, 'max_depth': None, 'max_features': 'sqrt', 'min_samples_leaf': 1, 'n_estimators': 2000}",0.004595962547842114,0.2677355924998359,0.10276205139037176,0.512488008031404,0.05101037662031971,0.29629822502416625,0.3686154435560419,0.4288504896927655,0.5832779584872259,0.35143489084614654,0.29670689986961196,0.1839733859602533,42,-27.717114539829737,-18.57311693977415,-19.893261014375977,-15.719369523175999,-18.54569463847593,-17.033205848826245,-20.74396294188285,-15.34848522587859,-13.33882811408504,-25.651018174672263,-19.256405696097676,4.287282089710906,45,-17.114737179487218,-14.362803846153835,-13.262237179487197,-11.478597435897447,-13.86000512820522,-11.84484868421054,-14.044781578947367,-11.657377631578942,-9.273478947368455,-18.06586315789473,-13.496473076923095,2.5144580084709602,48,19.256405696097676,4.287282089710906,13.496473076923095,2.5144580084709602,0.29670689986961196,0.1839733859602533
RF,10,20000,61.316133026281996,5.447357392311096,1.0574309845353742,0.5483551979064941,0.031054037590204878,True,40,sqrt,1,2000,"{'bootstrap': True, 'max_depth': 40, 'max_features': 'sqrt', 'min_samples_leaf': 1, 'n_estimators': 2000}",0.004595962547842114,0.26773559249983603,0.10276205139037176,0.5124880080314039,0.05101037662031993,0.2962982250241665,0.3686154435560418,0.4288504896927656,0.5832779584872259,0.35143489084614643,0.29670689986961196,0.1839733859602533,42,-27.717114539829737,-18.57311693977415,-19.893261014375977,-15.719369523176,-18.54569463847593,-17.033205848826245,-20.743962941882852,-15.34848522587859,-13.33882811408504,-25.651018174672267,-19.25640569609768,4.287282089710906,46,-17.114737179487218,-14.362803846153835,-13.262237179487197,-11.478597435897447,-13.86000512820522,-11.84484868421054,-14.044781578947367,-11.657377631578942,-9.273478947368455,-18.06586315789473,-13.496473076923095,2.5144580084709602,48,19.25640569609768,4.287282089710906,13.496473076923095,2.5144580084709602,0.29670689986961196,0.1839733859602533
RF,10,20000,61.316133026281996,1.2482222080230714,0.3398520404226492,0.14594411849975586,0.007896166550508293,True,,sqrt,2,500,"{'bootstrap': True, 'max_depth': None, 'max_features': 'sqrt', 'min_samples_leaf': 2, 'n_estimators': 500}",0.016820390497064186,0.26130685317303315,0.12257699950161094,0.5275774438149177,0.055733074590903264,0.2954674915637606,0.37231626726244793,0.42909536252876734,0.5580025546887497,0.3382060454586988,0.2977102483079953,0.177345139492161,34,-27.546393624919666,-18.65446788724278,-19.67236942639683,-15.474184985068781,-18.499490258038726,-17.04325689665657,-20.68307882990066,-15.345194642617834,-13.737392906657517,-25.911300774033872,-19.25671302315332,4.255766614440524,47,-16.84745008023316,-14.361843056018055,-12.986902181707181,-11.326172719132721,-13.733028353128349,-12.219476954799584,-14.00584993563454,-11.484488434913038,-9.352734263470445,-18.187134270714665,-13.450508024975173,2.491861726204975,34,19.25671302315332,4.255766614440524,13.450508024975173,2.491861726204975,0.2977102483079953,0.177345139492161
RF,10,20000,61.316133026281996,1.2531622648239136,0.3260563787579479,0.13973121643066405,0.007486298001206481,True,40,sqrt,2,500,"{'bootstrap': True, 'max_depth': 40, 'max_features': 'sqrt', 'min_samples_leaf': 2, 'n_estimators': 500}",0.016820390497064186,0.26130685317303326,0.12257699950161094,0.5275774438149177,0.055733074590903264,0.2954674915637606,0.37231626726244793,0.42909536252876723,0.5580025546887496,0.3382060454586988,0.2977102483079953,0.17734513949216096,34,-27.546393624919666,-18.65446788724278,-19.67236942639683,-15.47418498506878,-18.499490258038726,-17.04325689665657,-20.683078829900655,-15.345194642617836,-13.737392906657517,-25.911300774033872,-19.25671302315332,4.255766614440524,47,-16.84745008023316,-14.361843056018055,-12.986902181707181,-11.326172719132721,-13.733028353128349,-12.219476954799584,-14.00584993563454,-11.484488434913038,-9.352734263470445,-18.187134270714665,-13.450508024975173,2.491861726204975,34,19.25671302315332,4.255766614440524,13.450508024975173,2.491861726204975,0.2977102483079953,0.17734513949216096
RF,10,20000,61.316133026281996,1.3622795343399048,0.4009805358277684,0.14332611560821534,0.007736122356477014,True,20,sqrt,1,500,"{'bootstrap': True, 'max_depth': 20, 'max_features': 'sqrt', 'min_samples_leaf': 1, 'n_estimators': 500}",0.0008372347513797562,0.25676893663790945,0.11610000892459094,0.5124173286986683,0.047771179552885235,0.2788641890140955,0.36455616984538275,0.42925643142683556,0.5970515422084745,0.35696849056171864,0.29605915116219406,0.18616609853832194,45,-27.769396287288625,-18.71167892807129,-19.744845000370177,-15.72050897646206,-18.577318790842106,-17.242911656973597,-20.810539256836453,-15.343029825777926,-13.116537014742047,-25.541355683585667,-19.257812142094995,4.3006115577846025,49,-17.173259854481028,-14.48002482154599,-13.071788951368017,-11.534094274151771,-13.838894058811542,-12.121804807210324,-14.019267885931637,-11.660238458266884,-9.233657883879731,-18.096937599055572,-13.52299685947025,2.519886728818291,65,19.257812142094995,4.3006115577846025,13.52299685947025,2.519886728818291,0.29605915116219406,0.18616609853832194
RF,10,20000,61.316133026281996,1.2473658800125123,0.3411252188634543,0.1463385820388794,0.010448668627998642,True,20,sqrt,2,500,"{'bootstrap': True, 'max_depth': 20, 'max_features': 'sqrt', 'min_samples_leaf': 2, 'n_estimators': 500}",0.016429030710839898,0.26087956076137375,0.12464861440383357,0.5265170084196745,0.05592681697919777,0.2954674915637606,0.3711702370044594,0.428375079725559,0.5580613562978016,0.33798514236263744,0.2975460338229138,0.17695109723049027,36,-27.551875572478345,-18.659862387149932,-19.649132255100003,-15.491542512928461,-18.497592320499415,-17.04325689665657,-20.701951889146148,-15.35487173671032,-13.73647909178885,-25.91562493637633,-19.26021895988344,4.25557463692871,50,-16.859661317514398,-14.38130483904984,-12.982703388463388,-11.342231177618679,-13.721677022237019,-12.219476954799584,-14.014359928989142,-11.482756981278952,-9.357237603069443,-18.184601139971154,-13.45460103529916,2.4919401562953087,38,19.26021895988344,4.25557463692871,13.45460103529916,2.4919401562953087,0.2975460338229138,0.17695109723049027
RF,10,20000,61.316133026281996,2.7478036403656008,0.6147965652237696,0.2763793468475342,0.019221102193386623,True,20,sqrt,1,1000,"{'bootstrap': True, 'max_depth': 20, 'max_features': 'sqrt', 'min_samples_leaf': 1, 'n_estimators': 1000}",0.006582559885888295,0.26484974828195507,0.0959695734925683,0.5166913405485551,0.04824623889984525,0.28047238987442336,0.3706250645399837,0.42309718612384817,0.5872264601214008,0.35951769611992257,0.29532782578883904,0.18591344506338717,46,-27.689442235679202,-18.60967915488908,-19.96841931641295,-15.651456551241397,-18.572684174802514,-17.22367426620291,-20.710923863508704,-15.42559571012072,-13.275484045290836,-25.4906778994443,-19.26180372175926,4.25516703519367,51,-17.048552174496574,-14.345190725061316,-13.248795058007676,-11.454286963314471,-13.880484164078727,-12.041281066464967,-13.970222619598198,-11.696569774063663,-9.22792881268318,-18.01581550810215,-13.49291268658709,2.488842990201987,47,19.26180372175926,4.25516703519367,13.49291268658709,2.488842990201987,0.29532782578883904,0.18591344506338717
RF,10,20000,61.316133026281996,5.470271277427673,1.0143216097656378,0.5488033294677734,0.03197348314327485,True,20,sqrt,1,2000,"{'bootstrap': True, 'max_depth': 20, 'max_features': 'sqrt', 'min_samples_leaf': 1, 'n_estimators': 2000}",0.004731411870811941,0.26550558403462465,0.1028083847121648,0.5110804160543376,0.0526915451484129,0.2919204448551107,0.37107585711454494,0.426979248477272,0.5831090070112618,0.35146047058521446,0.2961362369863756,0.18353875349593965,44,-27.715228676410643,-18.601376351379084,-19.892747364253825,-15.74204641152973,-18.529260181207274,-17.0861061114791,-20.703505389591285,-15.373607572888705,-13.341531818351626,-25.650512325057253,-19.263592220214854,4.278029655583953,52,-17.107149213647535,-14.35189802379624,-13.238473402436375,-11.500498770003153,-13.834542106878972,-11.882302077730701,-14.038985527211603,-11.66289775776861,-9.271892745959482,-18.03827858948971,-13.492691821492238,2.5034037123716666,46,19.263592220214854,4.278029655583953,13.492691821492238,2.5034037123716666,0.2961362369863756,0.18353875349593965
RF,10,20000,61.316133026281996,1.9627828121185302,0.6544154193348586,0.14906387329101561,0.008365808565969569,True,20,0.5,1,500,"{'bootstrap': True, 'max_depth': 20, 'max_features': 0.5, 'min_samples_leaf': 1, 'n_estimators': 500}",0.013416691406817671,0.2353244243045569,0.08054658801873549,0.5544342422270769,0.008917296316362955,0.277366163688026,0.3751403607167263,0.44456569666142254,0.5914404500464828,0.34608319035533885,0.29272351037415467,0.1993810360183048,55,-27.594034273103137,-18.97970420947537,-20.138032083813204,-15.027902731850544,-18.9525356094536,-17.260811834346676,-20.636497411761052,-15.135855228420368,-13.207545740768689,-25.756631735396056,-19.268955085838872,4.3594553334931705,53,-17.42050017284415,-14.358612372115063,-13.44242312387168,-10.893936689051698,-14.041603640447851,-11.748361277874169,-14.009585881338577,-11.552085218353424,-9.388297267360258,-18.175454993197786,-13.503086063645464,2.6283820857800793,54,19.268955085838872,4.3594553334931705,13.503086063645464,2.6283820857800793,0.29272351037415467,0.1993810360183048
RF,10,20000,61.316133026281996,2.7581125259399415,0.6024370885310507,0.28255043029785154,0.015613505041825142,True,,sqrt,1,1000,"{'bootstrap': True, 'max_depth': None, 'max_features': 'sqrt', 'min_samples_leaf': 1, 'n_estimators': 1000}",0.0076727850480587945,0.26398348056624976,0.08754471336274094,0.5143166878916791,0.04456910883060139,0.2834690998186279,0.37013242260066803,0.42134520927140284,0.5848236292611833,0.35784371750307165,0.29357008541542834,0.18629000686146766,53,-27.674244186825632,-18.620640327762608,-20.061248608851685,-15.689859785755488,-18.60852765721909,-17.187770008550903,-20.719027994524623,-15.449000691877506,-13.314067496241512,-25.52396765974144,-19.284835441735048,4.249146437399256,54,-17.001525641025655,-14.406758974359013,-13.332774358974365,-11.434582051282058,-13.955110256410267,-11.985063157894738,-13.970131578947374,-11.718734210526325,-9.258292105263179,-18.038886842105267,-13.510185917678825,2.4872764616361667,55,19.284835441735048,4.249146437399256,13.510185917678825,2.4872764616361667,0.29357008541542834,0.18629000686146766
RF,10,20000,61.316133026281996,2.7400959014892576,0.5851946224965643,0.278968071937561,0.022709881398162216,True,40,sqrt,1,1000,"{'bootstrap': True, 'max_depth': 40, 'max_features': 'sqrt', 'min_samples_leaf': 1, 'n_estimators': 1000}",0.0076727850480586834,0.26398348056624976,0.08754471336274094,0.5143166878916791,0.0445691088306015,0.2834690998186279,0.37013242260066814,0.42134520927140284,0.5848236292611833,0.35784371750307165,0.29357008541542834,0.18629000686146766,53,-27.674244186825632,-18.620640327762608,-20.061248608851685,-15.689859785755488,-18.60852765721909,-17.187770008550903,-20.71902799452462,-15.449000691877506,-13.314067496241512,-25.52396765974144,-19.284835441735048,4.249146437399256,54,-17.001525641025655,-14.406758974359017,-13.332774358974365,-11.434582051282057,-13.955110256410267,-11.985063157894738,-13.970131578947374,-11.718734210526321,-9.258292105263179,-18.03888684210527,-13.510185917678825,2.487276461636168,55,19.284835441735048,4.249146437399256,13.510185917678825,2.487276461636168,0.29357008541542834,0.18629000686146766
RF,10,20000,61.316133026281996,7.5746296644210815,0.8481839501997445,0.5394665956497192,0.04160780360225534,True,20,0.5,1,2000,"{'bootstrap': True, 'max_depth': 20, 'max_features': 0.5, 'min_samples_leaf': 1, 'n_estimators': 2000}",0.00750039201296171,0.23073241931566157,0.08148651544233887,0.5605743547114314,-0.009428603210172026,0.27726987574656337,0.38409737196540816,0.437890671470313,0.5850322790527915,0.3501424868898745,0.2905297763397172,0.20278335673526343,57,-27.676647950266997,-19.036607061906015,-20.12773622309616,-14.92399762615803,-19.12714614574127,-17.261961761595977,-20.488057252199724,-15.2265324532302,-13.310721536891352,-25.676563010491794,-19.28559710215775,4.344999250396172,56,-17.319406260453192,-14.446845745410352,-13.306764561227352,-10.900802000285413,-14.318365021077328,-11.785904679099048,-13.818120313412896,-11.691655742522489,-9.399229996519562,-18.154956965258428,-13.514205128526607,2.602683728419807,59,19.28559710215775,4.344999250396172,13.514205128526607,2.602683728419807,0.2905297763397172,0.20278335673526343
RF,10,20000,61.316133026281996,3.9908252477645876,0.9379968246935673,0.30109100341796874,0.06468108575867361,True,20,0.5,1,1000,"{'bootstrap': True, 'max_depth': 20, 'max_features': 0.5, 'min_samples_leaf': 1, 'n_estimators': 1000}",0.0057342737803262045,0.23840401909429387,0.06956490481745503,0.5569125505977344,-0.001197804743709785,0.28141371093334133,0.3789665654527081,0.4405369302618395,0.5951282967550342,0.34319781413297923,0.29086612610820023,0.20363574719507116,56,-27.701261817280724,-18.941446961633947,-20.25793650951335,-14.98605064830962,-19.049005937988927,-17.212404154254912,-20.573218633753267,-15.190648971297064,-13.147801920261383,-25.813394133442184,-19.28731696877354,4.39816670360381,57,-17.387587978164586,-14.340781501037744,-13.405375160702166,-10.895318937329767,-14.198182651799767,-11.744012937403255,-13.867525099081126,-11.661386626131982,-9.285136202127779,-18.242642656831524,-13.502794975060969,2.644952790152601,53,19.28731696877354,4.39816670360381,13.502794975060969,2.644952790152601,0.29086612610820023,0.20363574719507116
RF,10,20000,61.316133026281996,7.6826189994812015,1.0587387708498464,0.5456957817077637,0.03489192266147806,True,40,0.5,1,2000,"{'bootstrap': True, 'max_depth': 40, 'max_features': 0.5, 'min_samples_leaf': 1, 'n_estimators': 2000}",0.007020189695427614,0.22954685650388507,0.083461790262366,0.5585930524439227,-0.016173299260366925,0.27764442512534226,0.3826905340032538,0.43582375046115807,0.5870967597807074,0.3503767313985767,0.28960807904142727,0.20351745982847902,60,-27.683342554069657,-19.051270623078704,-20.106082099805114,-14.957604784874912,-19.19094065658304,-17.25748824186648,-20.511443202075565,-15.25450135535929,-13.277569570889185,-25.671934968296544,-19.296217805689846,4.344386560144868,58,-17.338385897435938,-14.432570512820488,-13.304184615384624,-10.908620512820516,-14.353805128205204,-11.772644736842125,-13.830815789473673,-11.731731578947365,-9.375819736842125,-18.137460526315788,-13.518603903508781,2.604167409977904,60,19.296217805689846,4.344386560144868,13.518603903508781,2.604167409977904,0.28960807904142727,0.20351745982847902
RF,10,20000,61.316133026281996,7.545767688751221,0.9902202569606745,0.5326838254928589,0.03844287162847757,True,,0.5,1,2000,"{'bootstrap': True, 'max_depth': None, 'max_features': 0.5, 'min_samples_leaf': 1, 'n_estimators': 2000}",0.007020189695427614,0.22954685650388496,0.08346179026236589,0.5585930524439227,-0.016173299260366925,0.27764442512534226,0.3826905340032538,0.43582375046115807,0.5870967597807074,0.35037673139857695,0.28960807904142727,0.20351745982847907,60,-27.683342554069657,-19.051270623078704,-20.106082099805118,-14.957604784874912,-19.19094065658304,-17.25748824186648,-20.511443202075565,-15.25450135535929,-13.277569570889185,-25.671934968296544,-19.296217805689853,4.344386560144868,59,-17.338385897435938,-14.432570512820488,-13.304184615384624,-10.908620512820516,-14.353805128205199,-11.772644736842125,-13.830815789473673,-11.731731578947365,-9.375819736842125,-18.137460526315788,-13.518603903508781,2.604167409977904,60,19.296217805689853,4.344386560144868,13.518603903508781,2.604167409977904,0.28960807904142727,0.20351745982847907
RF,10,20000,61.316133026281996,1.8255645275115966,0.4799853593022737,0.14423518180847167,0.010050736878649434,True,,0.5,1,500,"{'bootstrap': True, 'max_depth': None, 'max_features': 0.5, 'min_samples_leaf': 1, 'n_estimators': 500}",0.013480639111335235,0.22667481093856146,0.08024437945347274,0.5532507620324372,0.000974729178128686,0.2650531191165657,0.3767200152727115,0.4465312573313306,0.5838872721716726,0.35258362542374344,0.28994006100299596,0.20005953443323005,58,-27.593139972677886,-19.086746641825332,-20.14134132477341,-15.04784752185593,-19.028327163899853,-17.407245216197815,-20.61039621751989,-15.109050250481628,-13.329072806226408,-25.628291643231453,-19.29814587586896,4.315634839419261,60,-17.37116410256409,-14.442466666666668,-13.437025641025638,-10.89581025641026,-14.121282051282028,-11.793136842105257,-14.01004736842106,-11.595084210526316,-9.460252631578948,-18.104310526315793,-13.523058029689604,2.595420353688077,66,19.29814587586896,4.315634839419261,13.523058029689604,2.595420353688077,0.28994006100299596,0.20005953443323005
RF,10,20000,61.316133026281996,1.86608567237854,0.5148632310109914,0.1476426124572754,0.0069979831462232715,True,40,0.5,1,500,"{'bootstrap': True, 'max_depth': 40, 'max_features': 0.5, 'min_samples_leaf': 1, 'n_estimators': 500}",0.013480639111335235,0.22667481093856157,0.08024437945347307,0.5532507620324372,0.000974729178128686,0.2650531191165659,0.3767200152727115,0.4465312573313306,0.5838872721716726,0.35258362542374344,0.28994006100299596,0.20005953443323002,58,-27.593139972677886,-19.086746641825332,-20.14134132477341,-15.04784752185593,-19.028327163899853,-17.40724521619781,-20.61039621751989,-15.109050250481628,-13.32907280622641,-25.628291643231453,-19.29814587586896,4.315634839419261,60,-17.371164102564087,-14.442466666666668,-13.437025641025635,-10.89581025641026,-14.121282051282028,-11.793136842105255,-14.01004736842106,-11.595084210526318,-9.460252631578944,-18.104310526315796,-13.523058029689604,2.5954203536880778,66,19.29814587586896,4.315634839419261,13.523058029689604,2.5954203536880778,0.28994006100299596,0.20005953443323002
RF,10,20000,61.316133026281996,3.898767375946045,0.8618173126667066,0.2722848653793335,0.019249131422363536,True,,0.5,1,1000,"{'bootstrap': True, 'max_depth': None, 'max_features': 0.5, 'min_samples_leaf': 1, 'n_estimators': 1000}",0.0035898049678756427,0.23839467209084475,0.06394727634459996,0.5549690976481467,-0.011837471925335352,0.2790596629301554,0.3787765811835615,0.43885607669486026,0.5915387357458299,0.3462453145712009,0.28835397502517396,0.2052630946421653,62,-27.731119275662614,-18.94156319467043,-20.318999503067094,-15.018880305110342,-19.149954756825448,-17.240574532777707,-20.57636523489357,-15.213451287109812,-13.205956999360104,-25.753438643769922,-19.315030373324703,4.381247559087804,62,-17.42108717948718,-14.377730769230798,-13.442641025641027,-10.898346153846163,-14.280730769230768,-11.743207894736852,-13.871534210526319,-11.71287368421053,-9.317305263157914,-18.18814210526317,-13.525359905533074,2.6346181193015137,68,19.315030373324703,4.381247559087804,13.525359905533074,2.6346181193015137,0.28835397502517396,0.2052630946421653
RF,10,20000,61.316133026281996,3.938657021522522,0.920212803825968,0.28137290477752686,0.011157579988240596,True,40,0.5,1,1000,"{'bootstrap': True, 'max_depth': 40, 'max_features': 0.5, 'min_samples_leaf': 1, 'n_estimators': 1000}",0.0035898049678755317,0.23839467209084475,0.06394727634459985,0.5549690976481467,-0.011837471925335352,0.2790596629301554,0.3787765811835616,0.43885607669486026,0.5915387357458299,0.3462453145712009,0.28835397502517396,0.20526309464216533,62,-27.731119275662614,-18.94156319467043,-20.318999503067094,-15.018880305110342,-19.149954756825448,-17.240574532777707,-20.57636523489357,-15.213451287109812,-13.205956999360104,-25.753438643769922,-19.315030373324703,4.381247559087804,62,-17.42108717948718,-14.377730769230794,-13.442641025641024,-10.898346153846163,-14.280730769230768,-11.74320789473685,-13.871534210526319,-11.71287368421053,-9.317305263157914,-18.18814210526317,-13.525359905533074,2.6346181193015137,68,19.315030373324703,4.381247559087804,13.525359905533074,2.6346181193015137,0.28835397502517396,0.20526309464216533
RF,10,20000,61.316133026281996,10.272752165794373,1.0042484262944493,0.5398752212524414,0.038433011669297336,True,,1.0,2,2000,"{'bootstrap': True, 'max_depth': None, 'max_features': 1.0, 'min_samples_leaf': 2, 'n_estimators': 2000}",-0.010205256345897418,0.20452548222111966,0.07223563427619395,0.5988847900714769,-0.06489378030563464,0.2876792296156253,0.4077372145946998,0.47100689329310064,0.5413664949108683,0.31467560794370686,0.28230123102752597,0.21818387657959998,64,-27.92242477058373,-19.358155159800724,-20.228841332061332,-14.25860495993972,-19.6456099903839,-17.13720041570762,-20.091019392222993,-14.771194695460249,-13.993531491535984,-26.367922437533604,-19.377450464522987,4.523439935042897,64,-17.865953807406967,-14.34748953355761,-13.351137235289638,-10.449973625085748,-14.737879734755978,-11.63196808007782,-13.132361650243038,-11.388836145732924,-9.876529180107172,-18.410321442147044,-13.519245043440392,2.7560073687580733,62,19.377450464522987,4.523439935042897,13.519245043440392,2.7560073687580733,0.28230123102752597,0.21818387657959998
RF,10,20000,61.316133026281996,10.32146418094635,1.0242584957152723,0.5491652250289917,0.030038465306292037,True,40,1.0,2,2000,"{'bootstrap': True, 'max_depth': 40, 'max_features': 1.0, 'min_samples_leaf': 2, 'n_estimators': 2000}",-0.010205256345897418,0.20452548222111966,0.07223563427619373,0.5988847900714769,-0.06489378030563464,0.2876792296156251,0.4077372145946998,0.47100689329310064,0.5413664949108683,0.31467560794370686,0.28230123102752586,0.2181838765796,65,-27.92242477058373,-19.358155159800724,-20.228841332061336,-14.25860495993972,-19.6456099903839,-17.137200415707625,-20.091019392222993,-14.771194695460249,-13.993531491535984,-26.367922437533608,-19.377450464522987,4.523439935042898,64,-17.865953807406967,-14.34748953355761,-13.35113723528964,-10.449973625085747,-14.737879734755978,-11.631968080077822,-13.132361650243038,-11.388836145732924,-9.876529180107173,-18.410321442147044,-13.519245043440392,2.7560073687580733,62,19.377450464522987,4.523439935042898,13.519245043440392,2.7560073687580733,0.28230123102752586,0.2181838765796
RF,10,20000,61.316133026281996,10.206966638565063,0.8527290834174645,0.5406625986099243,0.03875137245035574,True,20,1.0,2,2000,"{'bootstrap': True, 'max_depth': 20, 'max_features': 1.0, 'min_samples_leaf': 2, 'n_estimators': 2000}",-0.010331068927626141,0.20441658329415624,0.07237902973255805,0.5988012524176733,-0.06498410645838315,0.2877533092059249,0.4075829172655787,0.4707108630206359,0.5412269374332004,0.3149544636242366,0.28225101806079544,0.21814640185273473,66,-27.924163468217124,-19.359480161503868,-20.227277984656276,-14.260089656062677,-19.64644316021451,-17.136309279405815,-20.09363629542077,-14.775327177670816,-13.995660373745352,-26.362557392050384,-19.378094494894757,4.522157953382528,66,-17.870522819883096,-14.348088294287628,-13.349631439788842,-10.449583230840995,-14.737336635269285,-11.630336433727095,-13.1319923666027,-11.39303431563685,-9.880345712799626,-18.408656231745137,-13.519952748058126,2.7557680688982362,64,19.378094494894757,4.522157953382528,13.519952748058126,2.7557680688982362,0.28225101806079544,0.21814640185273473
RF,10,20000,61.316133026281996,3.08568069934845,0.8716533897137799,0.14863483905792235,0.006798558056080402,True,40,1.0,1,500,"{'bootstrap': True, 'max_depth': 40, 'max_features': 1.0, 'min_samples_leaf': 1, 'n_estimators': 500}",-0.001633458264133969,0.18977136177079912,0.06455920412011729,0.5868983616945067,-0.06964113045803288,0.2912713415485324,0.3876431988362782,0.4698222986090411,0.5469930946817675,0.33871763862737514,0.28044019111662505,0.2174365690208005,73,-27.80370866077641,-19.53685374347278,-20.31235682546779,-14.4700799397434,-19.68935185356115,-17.093935816016884,-20.428995996196978,-14.787724300029547,-13.907428993697463,-25.901283602352095,-19.393171973131448,4.426575311754266,67,-17.69376923076922,-14.586948717948726,-13.354297435897433,-10.560758974358977,-14.978292307692277,-11.549884210526313,-13.45933684210527,-11.469742105263165,-9.693778947368413,-18.239226315789466,-13.558603508771927,2.72863823788801,73,19.393171973131448,4.426575311754266,13.558603508771927,2.72863823788801,0.28044019111662505,0.2174365690208005
RF,10,20000,61.316133026281996,3.1715446949005126,0.7906462156973558,0.14248573780059814,0.01175823807331888,True,,1.0,1,500,"{'bootstrap': True, 'max_depth': None, 'max_features': 1.0, 'min_samples_leaf': 1, 'n_estimators': 500}",-0.001633458264133969,0.189771361770799,0.06455920412011729,0.5868983616945067,-0.06964113045803288,0.2912713415485323,0.3876431988362782,0.4698222986090411,0.5469930946817675,0.33871763862737503,0.280440191116625,0.2174365690208005,74,-27.80370866077641,-19.536853743472783,-20.31235682546779,-14.470079939743396,-19.68935185356115,-17.093935816016888,-20.428995996196978,-14.787724300029547,-13.907428993697463,-25.901283602352095,-19.39317197313145,4.426575311754266,68,-17.69376923076922,-14.586948717948726,-13.354297435897433,-10.560758974358977,-14.978292307692277,-11.549884210526313,-13.459336842105268,-11.469742105263165,-9.693778947368413,-18.239226315789466,-13.558603508771927,2.72863823788801,73,19.39317197313145,4.426575311754266,13.558603508771927,2.72863823788801,0.280440191116625,0.2174365690208005
RF,10,20000,61.316133026281996,5.019606304168701,0.9044733592512653,0.2816237688064575,0.018733416600355938,True,,1.0,2,1000,"{'bootstrap': True, 'max_depth': None, 'max_features': 1.0, 'min_samples_leaf': 2, 'n_estimators': 1000}",-0.009108211728609872,0.1990152327536785,0.06693703697261633,0.5985384931995643,-0.0558143043915873,0.29427180518756724,0.4000610797175441,0.46669409637361703,0.5306993476704546,0.3205240507343947,0.281181862648924,0.21534329848798178,67,-27.90725930472434,-19.425086391492083,-20.286524019065432,-14.264758609699578,-19.561679704010494,-17.057713114748463,-20.220796989963272,-14.831286069307712,-14.155330675039243,-26.255171671388908,-19.396560654943947,4.484304168074345,69,-17.802541167835006,-14.39523226939727,-13.318379276371779,-10.420350984457144,-14.731103521108512,-11.598279095699617,-13.20023391744951,-11.492811361774182,-9.977995134346651,-18.345900068922305,-13.528282679736197,2.719570119088977,70,19.396560654943947,4.484304168074345,13.528282679736197,2.719570119088977,0.281181862648924,0.21534329848798178
RF,10,20000,61.316133026281996,5.133957290649414,1.0256689203943292,0.28414115905761717,0.008360641480127261,True,40,1.0,2,1000,"{'bootstrap': True, 'max_depth': 40, 'max_features': 1.0, 'min_samples_leaf': 2, 'n_estimators': 1000}",-0.009108211728609872,0.1990152327536785,0.06693703697261633,0.5985384931995642,-0.0558143043915873,0.29427180518756724,0.4000610797175441,0.4666940963736169,0.5306993476704545,0.3205240507343947,0.2811818626489239,0.21534329848798173,68,-27.90725930472434,-19.425086391492083,-20.286524019065432,-14.26475860969958,-19.561679704010494,-17.057713114748463,-20.220796989963272,-14.831286069307714,-14.155330675039245,-26.255171671388908,-19.396560654943947,4.4843041680743445,69,-17.802541167835006,-14.39523226939727,-13.318379276371779,-10.420350984457144,-14.731103521108512,-11.598279095699615,-13.20023391744951,-11.492811361774182,-9.977995134346651,-18.345900068922305,-13.528282679736197,2.719570119088977,70,19.396560654943947,4.4843041680743445,13.528282679736197,2.719570119088977,0.2811818626489239,0.21534329848798173
RF,10,20000,61.316133026281996,5.042286539077759,1.0818190975805555,0.28256404399871826,0.009635627553169178,True,20,1.0,2,1000,"{'bootstrap': True, 'max_depth': 20, 'max_features': 1.0, 'min_samples_leaf': 2, 'n_estimators': 1000}",-0.009215687275644147,0.1988289636993238,0.06692927394565518,0.598639547698014,-0.05612656946495709,0.2943351256862773,0.39933669500497204,0.4661333174094161,0.5308547192630096,0.32109808551692465,0.28108134714829913,0.21537029075649317,69,-27.908745403077152,-19.427344912681736,-20.28660841021136,-14.26296315891876,-19.56457224758365,-17.056947857572972,-20.23300091346794,-14.839081677748252,-14.152987275000084,-26.244078882694208,-19.39763307389561,4.482856947914759,71,-17.808008612889946,-14.396867384374886,-13.31830163734414,-10.414838352867719,-14.731019038360078,-11.597166116661109,-13.200136386866058,-11.498074659602086,-9.980101624961296,-18.34129303884712,-13.528580685277444,2.7197056498101806,72,19.39763307389561,4.482856947914759,13.528580685277444,2.7197056498101806,0.28108134714829913,0.21537029075649317
RF,10,20000,61.316133026281996,3.0233099699020385,0.8419650555990202,0.14547855854034425,0.013054903248479431,True,20,1.0,1,500,"{'bootstrap': True, 'max_depth': 20, 'max_features': 1.0, 'min_samples_leaf': 1, 'n_estimators': 500}",-0.0039110934222732485,0.19252730843294075,0.07186147991602887,0.5857431968845039,-0.07370472308956155,0.2803614942965974,0.38827592961748725,0.47160402238077015,0.5460124992373248,0.33808207467812323,0.27968521889319414,0.21742484980817653,75,-27.835302426312644,-19.50359869179439,-20.232919924929487,-14.490297310663328,-19.72671656277227,-17.225001495133448,-20.41843891956429,-14.76285545587025,-13.922473123532852,-25.91372758206154,-19.40313314926345,4.424630322472207,72,-17.728419407713112,-14.575109463725918,-13.304141132937625,-10.57580072415065,-15.006434536110882,-11.599866647551845,-13.457237475008167,-11.473450958735826,-9.71419900732308,-18.21694428234236,-13.565160363559945,2.7230987561076785,75,19.40313314926345,4.424630322472207,13.565160363559945,2.7230987561076785,0.27968521889319414,0.21742484980817653
RF,10,20000,61.316133026281996,2.636833357810974,0.7243176082482334,0.14548931121826172,0.014418837910167247,True,,1.0,2,500,"{'bootstrap': True, 'max_depth': None, 'max_features': 1.0, 'min_samples_leaf': 2, 'n_estimators': 500}",-0.0032149856222654094,0.18492363468715978,0.07146491346194095,0.5947510300378627,-0.04964984799922045,0.29965597907999586,0.3886984776206335,0.48213236358737066,0.5238500593651405,0.31791865667092534,0.2810530280889544,0.2131720326614079,70,-27.825650311050435,-19.59521263596453,-20.237241930883933,-14.331888855803923,-19.504489888004755,-16.992519789314123,-20.411385689658726,-14.615039775808084,-14.258252699345825,-26.305460147759298,-19.407714172359363,4.4862499962831786,73,-17.715809422244423,-14.446065574980574,-13.242040422170422,-10.392864681016988,-14.635276308321309,-11.602922406482412,-13.329118883820854,-11.333777050084418,-9.924858617756515,-18.354253965405935,-13.497698733228384,2.726605299877215,50,19.407714172359363,4.4862499962831786,13.497698733228384,2.726605299877215,0.2810530280889544,0.2131720326614079
RF,10,20000,61.316133026281996,2.5348112106323244,0.6467649725555344,0.15608465671539307,0.03515814118576404,True,40,1.0,2,500,"{'bootstrap': True, 'max_depth': 40, 'max_features': 1.0, 'min_samples_leaf': 2, 'n_estimators': 500}",-0.0032149856222654094,0.1849236346871599,0.07146491346194095,0.5947510300378627,-0.04964984799922045,0.29965597907999586,0.3886984776206335,0.48213236358737066,0.5238500593651406,0.31791865667092534,0.2810530280889544,0.2131720326614079,70,-27.825650311050435,-19.59521263596453,-20.237241930883933,-14.331888855803927,-19.50448988800476,-16.992519789314123,-20.411385689658726,-14.615039775808084,-14.258252699345823,-26.305460147759298,-19.407714172359366,4.486249996283179,74,-17.715809422244423,-14.44606557498057,-13.242040422170422,-10.392864681016988,-14.635276308321309,-11.60292240648241,-13.329118883820852,-11.33377705008442,-9.924858617756513,-18.354253965405935,-13.497698733228384,2.726605299877215,50,19.407714172359366,4.486249996283179,13.497698733228384,2.726605299877215,0.2810530280889544,0.2131720326614079
RF,10,20000,61.316133026281996,2.548690414428711,0.6580874249563056,0.1439988374710083,0.007084026439124105,True,20,1.0,2,500,"{'bootstrap': True, 'max_depth': 20, 'max_features': 1.0, 'min_samples_leaf': 2, 'n_estimators': 500}",-0.0032420046710301964,0.1843936091441858,0.07159341631017002,0.5945474486423175,-0.04939744329554219,0.29940561671579013,0.38828473573237743,0.48122478797470225,0.5237471231150492,0.3187846511704143,0.28093419408384346,0.21301278169641877,72,-27.826025015152442,-19.601582760144964,-20.23584153511717,-14.335488296896543,-19.50214466736279,-16.99555680195244,-20.418291951531792,-14.627840775862518,-14.25979382287229,-26.28875567452777,-19.409132130142076,4.481790782057493,75,-17.717337895992898,-14.451531490731485,-13.240600663040663,-10.391458722531027,-14.633996610223708,-11.608550022112395,-13.327663297126845,-11.343092158689265,-9.926263976608189,-18.34785125863902,-13.498834609569547,2.724708940637832,52,19.409132130142076,4.481790782057493,13.498834609569547,2.724708940637832,0.28093419408384346,0.21301278169641877
RF,10,20000,61.316133026281996,12.31902711391449,0.7533199545606741,0.5489545822143554,0.022967479313284994,True,20,1.0,1,2000,"{'bootstrap': True, 'max_depth': 20, 'max_features': 1.0, 'min_samples_leaf': 1, 'n_estimators': 2000}",-0.012773843857567968,0.19490628989920522,0.06124573077978224,0.5894888204529939,-0.09145377959546086,0.2839454796779949,0.39696981922339436,0.4639115381471829,0.5534365303138898,0.3396676686957587,0.2779344253737173,0.22369134849253508,76,-27.957900560627458,-19.47484668211365,-20.348299750874176,-14.424639435192832,-19.889096155501232,-17.182055482613308,-20.27282515133738,-14.869927331238815,-13.808167192930949,-25.88267139981689,-19.41104291422467,4.456804095089051,76,-17.91607868416013,-14.570367165630033,-13.34677345825426,-10.583060174882126,-15.08744499872509,-11.541014619150232,-13.32196275457288,-11.495345008777848,-9.817179108006593,-18.283701668777468,-13.596292764093667,2.755751182265145,76,19.41104291422467,4.456804095089051,13.596292764093667,2.755751182265145,0.2779344253737173,0.22369134849253508
RF,10,20000,61.316133026281996,12.279798889160157,0.7610935140818688,0.5432308435440063,0.032949893000433425,True,,1.0,1,2000,"{'bootstrap': True, 'max_depth': None, 'max_features': 1.0, 'min_samples_leaf': 1, 'n_estimators': 2000}",-0.010930250911679762,0.19135113043742735,0.057441702903947345,0.5910157688533897,-0.09323241993734555,0.28636337129710565,0.3976419373555087,0.46439357214722066,0.5521581648901841,0.3383763582373345,0.2774579335273092,0.22435659754294435,80,-27.932442524568728,-19.517798154107616,-20.389485844343113,-14.397787303973095,-19.90529526036508,-17.153021745190813,-20.261524280645716,-14.863240540667334,-13.827917205926097,-25.90796642082442,-19.415647928061198,4.459210647753859,77,-17.891582051282096,-14.601999999999979,-13.364064102564129,-10.580326923076925,-15.094435897435979,-11.54699868421055,-13.314853947368421,-11.489547368421041,-9.821515789473699,-18.305898684210547,-13.601122344804335,2.7568397874450463,77,19.415647928061198,4.459210647753859,13.601122344804335,2.7568397874450463,0.2774579335273092,0.22435659754294435
RF,10,20000,61.316133026281996,12.564301419258118,0.7173926162723059,0.5548180103302002,0.022943457127653596,True,40,1.0,1,2000,"{'bootstrap': True, 'max_depth': 40, 'max_features': 1.0, 'min_samples_leaf': 1, 'n_estimators': 2000}",-0.010930250911679762,0.19135113043742746,0.057441702903947345,0.5910157688533896,-0.09323241993734555,0.28636337129710565,0.3976419373555087,0.46439357214722066,0.5521581648901842,0.3383763582373345,0.2774579335273093,0.22435659754294435,79,-27.932442524568728,-19.517798154107613,-20.389485844343113,-14.397787303973095,-19.90529526036508,-17.153021745190813,-20.261524280645716,-14.863240540667334,-13.827917205926097,-25.90796642082442,-19.415647928061198,4.459210647753859,77,-17.891582051282096,-14.601999999999979,-13.364064102564129,-10.580326923076926,-15.094435897435982,-11.54699868421055,-13.314853947368421,-11.489547368421043,-9.821515789473699,-18.305898684210547,-13.601122344804338,2.7568397874450463,78,19.415647928061198,4.459210647753859,13.601122344804338,2.7568397874450463,0.2774579335273093,0.22435659754294435
RF,10,20000,61.316133026281996,6.243004727363586,1.057998439143731,0.2794628143310547,0.017431873515132597,True,,1.0,1,1000,"{'bootstrap': True, 'max_depth': None, 'max_features': 1.0, 'min_samples_leaf': 1, 'n_estimators': 1000}",-0.007769549387607322,0.19379870632651863,0.0591869399281274,0.5914908805452398,-0.08109316144161904,0.27975285471869704,0.39492916347416096,0.46181907803791167,0.5493817166720962,0.33583696608188107,0.2777333594955407,0.22097852255132658,77,-27.888742561631833,-19.488238046694136,-20.370600554702115,-14.38942201215347,-19.794472506239124,-17.232284041718728,-20.30709782846226,-14.89891921349543,-13.870714877025526,-25.957637771290504,-19.419812941341313,4.445484571728808,79,-17.805458974358974,-14.586764102564134,-13.343848717948712,-10.553935897435908,-15.088187179487171,-11.69287631578948,-13.364557894736842,-11.587444736842107,-9.818428947368432,-18.343592105263173,-13.618509487179494,2.7342249679145527,79,19.419812941341313,4.445484571728808,13.618509487179494,2.7342249679145527,0.2777333594955407,0.22097852255132658
RF,10,20000,61.316133026281996,6.185099935531616,1.027964561004327,0.2766178369522095,0.02278448257493173,True,40,1.0,1,1000,"{'bootstrap': True, 'max_depth': 40, 'max_features': 1.0, 'min_samples_leaf': 1, 'n_estimators': 1000}",-0.0077695493876071,0.19379870632651852,0.0591869399281274,0.5914908805452398,-0.08109316144161882,0.27975285471869704,0.39492916347416096,0.46181907803791167,0.5493817166720961,0.33583696608188107,0.2777333594955407,0.22097852255132652,77,-27.888742561631833,-19.488238046694136,-20.370600554702115,-14.38942201215347,-19.794472506239124,-17.232284041718728,-20.30709782846226,-14.89891921349543,-13.870714877025526,-25.957637771290504,-19.419812941341313,4.445484571728808,79,-17.805458974358974,-14.586764102564134,-13.343848717948712,-10.553935897435908,-15.088187179487171,-11.69287631578948,-13.364557894736842,-11.587444736842107,-9.818428947368433,-18.343592105263173,-13.618509487179494,2.7342249679145523,79,19.419812941341313,4.445484571728808,13.618509487179494,2.7342249679145523,0.2777333594955407,0.22097852255132652
RF,10,20000,61.316133026281996,6.09892508983612,1.0138215923816738,0.27833755016326905,0.019343107538141148,True,20,1.0,1,1000,"{'bootstrap': True, 'max_depth': 20, 'max_features': 1.0, 'min_samples_leaf': 1, 'n_estimators': 1000}",-0.008854886808874252,0.19379756853128427,0.06413859864896954,0.5899295969891651,-0.08253170557716238,0.2754007214385972,0.39459049874291685,0.46148458646195,0.5488905507926742,0.3363181180328244,0.27731636472523447,0.22055393278888447,81,-27.903756187872013,-19.488251798604935,-20.31692286978969,-14.416893299961375,-19.80763777131333,-17.28426914480855,-20.312780085280746,-14.903548501394601,-13.878272233961885,-25.94823358116722,-19.426056547415435,4.4390262209473175,81,-17.82638736601635,-14.591592717795221,-13.308227888851125,-10.571454411231096,-15.096308517759203,-11.698872806376665,-13.355783298670254,-11.607122046370211,-9.821958569932145,-18.320320268964462,-13.619802789196674,2.7301712902294994,81,19.426056547415435,4.4390262209473175,13.619802789196674,2.7301712902294994,0.27731636472523447,0.22055393278888447
